Titulo/Descricao,Link_Imagem
"Lançamento do Mapeamento dos Terreiros do DF. Museu da República, Brasília, 3 de maio de 2018",http://www.palmares.gov.br/wp-content/uploads/2018/05/foto-mapeamento-dos-terreiros-01-200x133.jpg
"Lançamento do Mapeamento dos Terreiros do DF. Museu da República, Brasília, 3 de maio de 2018",http://www.palmares.gov.br/wp-content/uploads/2018/05/foto-mapeamento-dos-terreiros-02-200x133.jpg
"Lançamento do Mapeamento dos Terreiros do DF. Museu da República, Brasília, 3 de maio de 2018",http://www.palmares.gov.br/wp-content/uploads/2018/05/foto-mapeamento-dos-terreiros-03-200x133.jpg
"Lançamento do Mapeamento dos Terreiros do DF. Museu da República, Brasília, 3 de maio de 2018",http://www.palmares.gov.br/wp-content/uploads/2018/05/foto-mapeamento-dos-terreiros-05-200x133.jpg
"Lançamento do Mapeamento dos Terreiros do DF. Museu da República, Brasília, 3 de maio de 2018",http://www.palmares.gov.br/wp-content/uploads/2018/05/foto-mapeamento-dos-terreiros-06-200x133.jpg
"Lançamento do Mapeamento dos Terreiros do DF. Museu da República, Brasília, 3 de maio de 2018",http://www.palmares.gov.br/wp-content/uploads/2018/05/foto-mapeamento-dos-terreiros-07-200x133.jpg
"Lançamento do Mapeamento dos Terreiros do DF. Museu da República, Brasília, 3 de maio de 2018",http://www.palmares.gov.br/wp-content/uploads/2018/05/foto-mapeamento-dos-terreiros-08-200x133.jpg
"Lançamento do Mapeamento dos Terreiros do DF. Museu da República, Brasília, 3 de maio de 2018",http://www.palmares.gov.br/wp-content/uploads/2018/05/foto-mapeamento-dos-terreiros-09-200x133.jpg
"Lançamento do Mapeamento dos Terreiros do DF. Museu da República, Brasília, 3 de maio de 2018",http://www.palmares.gov.br/wp-content/uploads/2018/05/foto-mapeamento-dos-terreiros-10-200x200.jpg
"Lançamento do Mapeamento dos Terreiros do DF. Museu da República, Brasília, 3 de maio de 2018",http://www.palmares.gov.br/wp-content/uploads/2018/05/foto-mapeamento-dos-terreiros-11-200x133.jpg
"Lançamento do Mapeamento dos Terreiros do DF. Museu da República, Brasília, 3 de maio de 2018",http://www.palmares.gov.br/wp-content/uploads/2018/05/foto-mapeamento-dos-terreiros-12-200x133.jpg
"Lançamento do Mapeamento dos Terreiros do DF. Museu da República, Brasília, 3 de maio de 2018",http://www.palmares.gov.br/wp-content/uploads/2018/05/foto-mapeamento-dos-terreiros-14-200x133.jpg
"Lançamento do Mapeamento dos Terreiros do DF. Museu da República, Brasília, 3 de maio de 2018",http://www.palmares.gov.br/wp-content/uploads/2018/05/foto-mapeamento-dos-terreiros-16-200x300.jpg
