,Assunto/ palavras-chave,Descrição,Formato,Identifier,Título
0,Coleção Teatro Selecionado,"De Hermilo Borba Filho, com organização de Leda Alves e Luis Augusto Reis. A edição em três volumes com 12 peças da produção dramática do autor, compositor e teatrólogo pernambucano Hermilo Borba Filho (1917-1976) faz parte da comemoração aos 90 anos do nascimento de um dos maiores nomes do teatro brasileiro. ||Nesta obra estão reunidas quatro peças do autor, que compreendem o período de 1944 a 1948. São elas João Sem Terra, dedicada a Paschoal Carlos Magno, o Auto da mula-de-padre e as tragédias Electra no circo e O vento do mundo.",,,Volume 1
1,Coleção Teatro Selecionado,"De Hermilo Borba Filho, com organização de Leda Alves e Luis Augusto Reis. A edição em três volumes com 12 peças da produção dramática do autor, compositor e teatrólogo pernambucano Hermilo Borba Filho (1917-1976) faz parte da comemoração aos 90 anos do nascimento de um dos maiores nomes do teatro brasileiro. ||A segunda parte reúne A barca de ouro, publicada em 1949, a peça para bonecos A cabra cabriola, publicada em 1948, o musical As Moscas, de 1960, e a comédia O cabo fanfarrão, escrita em 1961.",,,Volume 2
2,Coleção Teatro Selecionado,"De Hermilo Borba Filho, com organização de Leda Alves e Luis Augusto Reis. A edição em três volumes com 12 peças da produção dramática do autor, compositor e teatrólogo pernambucano Hermilo Borba Filho (1917-1976) faz parte da comemoração aos 90 anos do nascimento de um dos maiores nomes do teatro brasileiro. ||Este livro compreende obras escritas e publicadas nas décadas de 1960 e 1970. A donzela Joana, de 1964, sintetiza o olhar maduro sobre os caminhos a serem trilhados pelo teatro do Nordeste. No ano seguinte, Hermilo escreveu a comédia Um paroquiano inevitável, pela Imprensa Universitária do Recife e O bom samaritano, esta publicada postumamente em 1976. Este volume também reproduz a famosa Sobrados e Mocambos, publicada em 1972, que surgiu a partir de sugestões, nem sempre seguidas, de Gilberto Freyre.",,,Volume 3
3,,"Biografia do mestre do choro escrita pelo jornalista e pesquisador musical Sérgio Cabral, em 1977. Resultado de uma vasta pesquisa, o livro reúne reproduções de fotos, de trechos de partituras manuscritas e de documentos do compositor, além de uma discografia completa até o ano de 1997. A reedição da Funarte, que marca o aniversário dos 30 anos do Projeto Pixinguinha, traz ainda um índice remissivo e capa flexível.","16,5 X 23,5 cm",,"Pixinguinha, vida e obra"
4,Coletâneas de crônicas de Jota Efegê,"São quatro coletâneas de crônicas sobre música e cultura escritas pelo jornalista Jota Efegê (1902 – 1987) , entre as décadas de 1940 e 1980. O autor trabalhou em jornais de forte repercussão nacional e foi reconhecido por seus pares não só pelo compromisso com a pesquisa, mas também por ter sido testemunha ocular de alguns dos momentos mais importantes deste período da arte brasileira. Da cobertura de alguns dos principais eventos culturais do Rio de Janeiro a encontros informais com os mestres Cartola e Pixinguinha, o jornalista viveu a história que contou. “Ele era não só repórter e cronista, mas, sobretudo, um pesquisador do carnaval e das músicas do Rio de Janeiro. Sua importância é comparável à de João do Rio e Luis Edmundo”, finaliza Hermínio. Formato: 16 X 22 cm||São 144 crônicas do jornalista publicadas originalmente no Jornal do Brasil , O Globo e nos extintos Correio da Manhã e O Jornal . Histórias de um cronista profundamente identificado com o Rio de Janeiro e sua festa maior, o carnaval. Numa passagem, Jota Efegê conta que o Cordão da Bola Preta, bloco carnavalesco tradicional do Rio, foi criado para enfrentar a polícia, que em 1918 avisou que fecharia todos os cordões do carnaval.",16 X 22 cm,,Figuras e coisas do carnaval carioca
5,,"As 116 crônicas publicadas em O Globo e no extinto O Jornal contam histórias da vida cultural brasileira narradas com a propriedade de quem as conheceu de perto. Numa passagem, o autor descreve como descobriu num jornal antigo a inscrição do menino Chico Anísio num campeonato de futebol de botão. Em outra, conta porque Carmen Miranda chorou em sua estréia no teatro.",16 X 22 cm,,"Meninos, eu vi"
6,,"Panorama do que foi escrito sobre música por Jota Efegê em sua passagem pela imprensa. O volume I apresenta 113 textos originalmente publicados em O Globo e nos extintos Revista da Semana , Revista de Música Popular , Singra e O Jornal . Casos sobre Ismael Silva, Dalva de Oliveira, Blecaute, Chiquinha Gonzaga, Orlando Silva e outros grandes nomes oferecem uma leitura prazerosa para pesquisadores, curiosos e fãs da música brasileira.",16 X 22 cm,,Figuras e coisas da música popular brasileira volume I
7,,"Este segundo volume traz 152 crônicas, que foram publicadas no Jornal do Brasil e em O Globo. Em um dos textos, o autor descreve como as bandas militares contribuíram para o sucesso de Pelo telefone – já considerado o primeiro clássico do samba.",16 X 22 cm,,Figuras e coisas da música popular brasileira volume II
8,,"A Coleção Revista da Música Popular reúne fac-símiles das 14 edições da revista coordenada por Pérsio de Moraes e Lúcio Rangel, publicadas de setembro de 1954 a setembro de 1956. O livro, editado em parceria com a editora Bem-Te-Vi, tem prefácio do crítico musical Tárik de Souza.

A Revista da Música Popular reuniu, entre seus colaboradores, nomes como Ary Barroso, Guerra Peixe, Haroldo Barbosa, Haroldo Costa, Hermínio Bello de Carvalho, Jorginho Guinle, Jota Efegê, Manuel Bandeira, Mário de Andrade, Millôr Fernandes, Paulo Mendes Campos, Rubem Braga, Sérgio Porto, Vinicius de Moraes e Viriato Correia. Além disso, trazia ilustrações de Santa Rosa, Di Cavalcanti e Caribé, entre outros.

Com uma seleção desse porte, que Tárik chama de “bossa nova da imprensa musical”, a revista acabou se tornando, ao longo dos anos, item muito procurado – e pouco encontrado – nos sebos. Agora, todos os interessados na história da música e da crítica musical no Brasil têm a oportunidade de conhecer ou recordar a publicação",,,Revista da Música Popular
9,,"Paschoal Carlos Magno: Crítica teatral e outras histórias reúne 300 textos do dramaturgo, escritor e diplomata. Paschoal Carlos Magno (1906-1980) foi criador da Casa do Estudante (1929), do Teatro do Estudante (1938), da Caravana da Cultura (1964) e da Barca da Cultura (1974), e organizador, entre 1958 e 1971, de seis edições do Festival Nacional de Teatro de Estudantes.

O livro, organizado por Martinho de Carvalho e Norma Dumar, é composto, em sua maioria, de críticas publicadas por Paschoal Carlos Magno no jornal Correio da Manhã , de 1946 a 1960. Encontramos, entre os assuntos abordados, o TBC (Teatro Brasileiro de Comédia); o Teatro de Arena; as revistas populares de Walter Pinto, Zilco Ribeiro, Geysa Bôscoli e Luís Peixoto; e o grupo folclórico Brasiliana.",,,Crítica teatral e outras histórias – Paschoal Carlos Magno
10,,"Crítica de Arte no Brasil: Temáticas contemporâneas é uma coletânea de 91 textos, de 80 autores, que mapeiam o universo de opiniões e idéias que dão suporte às artes visuais produzidas no Brasil. Os textos, abrangendo um período de 60 anos (1946 a 2006), foram selecionados e organizados por Glória Ferreira, doutora em história da arte pela Sorbonne e professora da Escola de Belas Artes da UFRJ.

Entre os autores, destacam-se nomes como Mário Pedrosa, Ferreira Gullar, Aracy Amaral, Décio Pignatari, Mario Schenberg, Frederico Morais, Paulo Sérgio Duarte, Hélio Oiticica, Reynaldo Roels Junior, Murilo Mendes, Fernando Cocchiarale, Cildo Meireles, Walmir Ayala, Ronaldo Brito, Antonio Dias, Jorge Guinle, Paulo Herkenhoff, Waldemar Cordeiro, Haroldo de Campos, Roberto Pontual, Arlindo Machado, Wilson Coutinho e Joaquim Ferreira dos Santos.

O livro divide-se em sete núcleos temáticos: A tradição construtiva; Vanguarda/experimentalismo; Crítica da crítica de arte; Circuito; Retorno/permanência da pintura; Imagens e mídias; e Situações transitivas. A coletânea privilegia críticas de época de acesso limitado, que explicitam as questões em pauta, como o debate sobre a abstração, em textos de Waldemar Cordeiro e Sergio Milliet, e sobre o concretismo e o neoconcretismo, em textos de Ferreira Gullar e Décio Pignatari.",,,Crítica de Arte no Brasil: temáticas contemporâneas
11,,"Documento vital para a memória da música brasileira, este livro é um registro de seis décadas de atividade do mais importante centro produtor de música clássica do país: a Orquestra Sinfônica Brasileira (OSB), primeira grande orquestra sinfônica privada do Brasil e uma das mais antigas da América Latina. Neto do compositor Alberto Nepomuceno, Sérgio Nepomuceno relata o dia-a-dia da OSB, com os mais importantes concertos e eventos desde a sua fundação, além de revelar histórias de bastidores até então desconhecidas.",21 x 28 cm ,,Orquestra Sinfônica Brasileira – 1940-2000
12,,"Coletânea de, aproximadamente, 180 críticas teatrais de Yan Michalski escritas para o Jornal do Brasil, de 1963 a 1982, e selecionadas por uma comissão composta por Fernando Peixoto, Bárbara Heliodora, Mariângela Alves de Lima, Aldomar Conrado e Macksen Luís. Nas críticas, Yan Michalski fazia uma análise detalhada dos espetáculos, procurando contextualizá-los no momento histórico em que estavam inseridos. Ele foi uma voz sempre atuante contra a repressão, como comprovam textos como “O caso de Isolda Cresta” e “A censura, de novo”. Yan Michalski teve vários livros publicados, como O palco amordaçado (1969) e O teatro sob pressão (1985), dentre outros.",20 x 28 cm,,Reflexões sobre o Teatro Brasileiro no Século XX
13,,"O livro, que traz mais de 450 fotos de diversos autores, dos séculos XIX, XX e XXI, fazendo uma ponte entre a fase pioneira do período imperial e a fase moderna. O minucioso painel contempla também o fotojornalismo, centrando a análise especialmente nas revistas O Cruzeiro e Realidade.",21 x 28 cm ,,Fotografia no Brasil - um olhar das origens ao contemporâneo
14,,"Transcrição editada de dez palestras e debates que ocorreram entre julho e setembro de 2003. O objetivo maior do encontro foi traçar um painel detalhado das artes visuais em todo o país e dar suporte a uma política para o setor, discutindo os novos rumos da arte no Brasil.",16x23 cm,978-85-7507-153-3,Arte/Estado - Artes visuais - Palestras e debates 2003
15,Coleção Fala do Artista,"Esta série põe em foco o olhar do artista ou criador, registrando suas experiências e traçando um panorama das questões históricas e atuais. Contempla, inicialmente, três títulos: Formato: 14 x 21 cm ||Núcleo de Extensão e Pesquisa da Universidade Federal da Paraíba (UFPB), o NAC foi criado em 1978 e mantém as atividades até os dias de hoje, embora com atuação absolutamente diversa do seu período áureo, que durou até 1984. O NAC tinha como principal objetivo fazer uma abordagem contemporânea da arte e produzir acontecimentos que pudessem motivar o público e atualizá-lo com as novas produções artísticas.",14 x 21 cm,,Núcleo de Arte Contemporânea da Paraíba / NAC
16,Coleção Fala do Artista,"Esta série põe em foco o olhar do artista ou criador, registrando suas experiências e traçando um panorama das questões históricas e atuais. Contempla, inicialmente, três títulos: Formato: 14 x 21 cm ||Esta publicação agrega o Nervo Óptico e o Espaço N.O., dois coletivos de artistas que atuaram em Porto Alegre em meados da década de 1970 e início dos anos 80, reunindo documentos e registros visuais referentes aos dois eventos. A abordagem no livro se dá não apenas através de ensaios, mas, principalmente, numa “narrativa por imagens”, com descrições visuais das obras e proposições elaboradas pelos artistas do Nervo Óptico e do Espaço N.O.",14 x 21 cm,,Espaço N.O. Nervo Óptico
17,Coleção Fala do Artista,"Esta série põe em foco o olhar do artista ou criador, registrando suas experiências e traçando um panorama das questões históricas e atuais. Contempla, inicialmente, três títulos: Formato: 14 x 21 cm ||O livro é basicamente dividido em dois tópicos: “Fala, Ivan Serpa” e “Falam sobre Ivan Serpa”, traçando um valioso painel de um dos mais importantes artistas brasileiros, dono de uma obra marcada, sobretudo, por sua pluralidade e abrangência. Ivan Serpa desenvolveu uma sólida obra geométrica, com criações marcantes como Formas (1951), e passou, a partir dos anos 60, a voltar seu interesse para o expressionismo, criando, dentre outras, a Série Negra, de 1964, considerada uma obra-prima.",14 x 21 cm,,Ivan Serpa
18,Coleção Pensamento Crítico,"Aqui é o espaço dos críticos, que expõem sua visão sobre a arte contemporânea, abordando as questões estéticas e conceituais das múltiplas linguagens artísticas. Também se divide, inicialmente, em três títulos: Formato: 14 x 21 cm||Paulo Sergio Duarte é crítico, professor de história da arte e pesquisador do Centro de Estudos Sociais Aplicados/Cesap da Universidade Cândido Mendes, no Rio de Janeiro. Foi assessor-chefe do Rioarte (1983-85) e o primeiro diretor geral do Paço Imperial/Iphan, de 1986 a 1990, responsável pela sua implantação como um centro cultural. O livro reúne textos jornalísticos de Paulo Sergio Duarte, além de outros textos elaborados para catálogos, resenhas de publicações e, ainda, textos publicados apenas no exterior e, até então, inéditos no Brasil.",14 x21 cm,,Paulo Sergio Duarte – a trilha da trama e outros textos sobre arte
19,Coleção Pensamento Crítico,"Aqui é o espaço dos críticos, que expõem sua visão sobre a arte contemporânea, abordando as questões estéticas e conceituais das múltiplas linguagens artísticas. Também se divide, inicialmente, em três títulos: Formato: 14 x 21 cm||Silvana Seffrin",14x21 cm,,Frederico Morais
20,Coleção Pensamento Crítico,"Aqui é o espaço dos críticos, que expõem sua visão sobre a arte contemporânea, abordando as questões estéticas e conceituais das múltiplas linguagens artísticas. Também se divide, inicialmente, em três títulos: Formato: 14 x 21 cm||Agnaldo Farias",14x21 cm,,Iclea Cattani
21,Reedições,"Vasta pesquisa histórica e fotográfica do que foi o Teatro de Revista no Brasil, gênero inspirado no teatro ligeiro francês, que aqui se transformou em verdadeiro sucesso, retratando temas e tipos locais, com muito humor e crítica.",21 x 28 cm ,,Fora do sério
22,Reedições,"Uma “exótica, infernal e ivampirante” coleção de retratos, álbum de figurinhas carimbadas, que ilustram um pouco da fantástica aventura vivida por Ivan há mais de três décadas, observando, estudando e registrando a realidade atrás das lentes.",21 x 21 cm,,De Godard a Zé do Caixão
23,Reedições,"Uma reimpressão feita a partir da edição original de  1997, onde a autora investiga de forma inovadora a linguagem da dança brasileira nas suas diversas manifestações populares.",20 x 27cm,,Bailarino – pesquisador – intérprete – processo de formação
24,Reedições,"Publicação em fac-símile comemorativa dos 50 anos do Teatro de Arena, feita a partir da edição original de 1978. Edição de valor histórico e documental que apresenta fatos marcantes da trajetória de um dos mais destacados grupos teatrais do país, o Arena, um símbolo de resistência do teatro brasileiro.",,,Revista Dionysos: especial Teatro de Arena
25,Reedições,"Reedição de uma das mais importantes obras já escritas sobre a arte brasileira. Sua edição original, de 1987, estava esgotada, tornando a publicação objeto de colecionadores. Esta antologia tem como ponto de partida uma pesquisa realizada de 1980 a 1981, com o objetivo de traçar um panorama da vanguarda abstrata geométrica e informal no Brasil, abrangendo desde seus primórdios, no pós-guerra, até 1963.","18 x 25,5 cm",,Abstracionismo geométrico e informal – a vanguarda brasileira nos anos cinqüenta
26,Prêmio Luso Brasileiro de Dramaturgia António José da Silva,"Prêmio criado para incentivar a escrita dramática em todos os seus gêneros - teatro para adultos, teatro para a infância e juventude, etc. - e o aparecimento de novos dramaturgos da língua portuguesa.||Texto vencedor do Prêmio Luso-Brasileiro de Dramaturgia António José da Silva. Com linguagem inovadora, a peça traz um elemento bizarro, que denuncia a exploração dos cortadores de cana-de-açúcar: uma cabeça que, mesmo depois de separada do corpo, fala ininterruptamente.",14 x 21cm,978-85-7507-145-8,Agro negócio
27,Prêmio Luso Brasileiro de Dramaturgia António José da Silva,"Prêmio criado para incentivar a escrita dramática em todos os seus gêneros - teatro para adultos, teatro para a infância e juventude, etc. - e o aparecimento de novos dramaturgos da língua portuguesa.||Texto vencedor do Prêmio Luso-Brasileiro de Dramaturgia António José da Silva. O protagonista da peça é Pedro 1, homem comum, que tem casa, família e trabalho, tudo normal, até que aos poucos surge um outro Pedro que aos poucos toma seu lugar e conduz sua vida de forma inusitada.",14 x 21cm,978-85-7507-148-9,Traição
28,Prêmio Luso Brasileiro de Dramaturgia António José da Silva,"Prêmio criado para incentivar a escrita dramática em todos os seus gêneros - teatro para adultos, teatro para a infância e juventude, etc. - e o aparecimento de novos dramaturgos da língua portuguesa.||Texto vencedor do Prêmio Luso-Brasileiro de Dramaturgia António José da Silva. Nesta obra, mulheres de gerações diferentes vivem o mesmo drama – diversos tipos de violência nas relações de par. Os parceiros, sempre homens do mar, têm seus destinos selados pelas mulheres que julgavam dominar.",14 x 21cm,978-85-7507-156-4,Nossa Senhora de Açoteia
29,Coleção Políticas para as Artes,"Coletâneas de artigos que fizeram parte da programação dos Encontros Funarte de Políticas para as Artes e refletem, de maneira geral, os debates realizados durante os eventos.||Coletânea de artigos que registra os momentos mais importantes da primeira edição do Encontro Funarte de Políticas Públicas, que reuniu gestores, produtores, autoridades e pesquisadores do segmento cultural para refletir sobre o papel das instituições públicas no desenvolvimento das linguagens artísticas.",14x21 cm,978-85-7507-150-2,Políticas públicas para as artes – prática e reflexão (vol. 1)
30,Coleção Políticas para as Artes,"Coletâneas de artigos que fizeram parte da programação dos Encontros Funarte de Políticas para as Artes e refletem, de maneira geral, os debates realizados durante os eventos.||Publicação que resultou dos debates do II Encontro Funarte de Políticas para as Artes com contribuições apresentadas por artistas, gestores, pesquisadores, agentes sociais, entre outros entes da área das artes e da cultura, incluindo um grande número de profissionais contemplados pelas ações da Funarte.",14x21 cm,978-85-7507-160-1,Políticas públicas para as artes – prática e reflexão (vol. 2)
31,Prêmio Bolsa Funarte de Criação Literária,"Publicações resultantes do edital que, numa ação conjunta da Funarte com a Biblioteca Nacional, tem por objetivo promover o desenvolvimento de projetos de criação de romances, contos, crônicas, novelas e poemas.||Contemplado com a Bolsa Funarte de Criação Literária. O personagem central é João Batista, coronel da reserva e ex-secretário de Estado que perde a filha, estuprada e morta violentamente. O desenrolar da instigante trama policial é narrado de forma lírica e inusitada.",14 x 21cm,978-85-7507-147-2,Catracas púrpuras
32,Prêmio Bolsa Funarte de Criação Literária,"Publicações resultantes do edital que, numa ação conjunta da Funarte com a Biblioteca Nacional, tem por objetivo promover o desenvolvimento de projetos de criação de romances, contos, crônicas, novelas e poemas.||Contemplado com a Bolsa Funarte de Criação Literária. Um escritor vai à análise para enfrentar seus escrúpulos em relação à escrita e tratar seus conflitos com a esposa. Cada parte da obra corresponde a uma voz da narrativa: citação, narrativa clássica, caso clínico, cinema, crítica literária e ensaio. O livro traz encartado um DVD com o documentário Herança.",14 x 21cm,978-85-7507-146-5,Documentário
33,Prêmio Bolsa Funarte de Criação Literária,"Publicações resultantes do edital que, numa ação conjunta da Funarte com a Biblioteca Nacional, tem por objetivo promover o desenvolvimento de projetos de criação de romances, contos, crônicas, novelas e poemas.||Contemplado com a Bolsa Funarte de Criação Literária. Seleção de poemas que explora as múltiplas facetas de palavras que se desdobram em vários significados. Os poemas são colocados em sequência alfabética, como em um dicionário de subjetividades.",14 x 21cm,978-85-7507-144-1,Sob a face neutra
34,Prêmio Bolsa Funarte de Criação Literária,"Publicações resultantes do edital que, numa ação conjunta da Funarte com a Biblioteca Nacional, tem por objetivo promover o desenvolvimento de projetos de criação de romances, contos, crônicas, novelas e poemas.||Contemplado com a Bolsa Funarte de Criação Literária. Ficção histórica sobre as origens da comédia teatral brasileira, a obra reconstitui a encenação da nossa primeira comédia escrita e encenada por brasileiros, O juiz de paz na roça, de Martins Pena, montada por João Caetano em 1838.",14 x 21cm,978-85-7507-143-4,Martins Pena e João Caetano: quando e teatro começou a ser brasileiro
35,Coleção Cadernos Técnicos de Fotografia,"Produzidos pelo Centro de Conservação e Preservação Fotográfica (CCPF) da Funarte, os Cadernos Técnicos são publicados com o objetivo de criar uma bibliografia básica, de leitura acessível, sobre o assunto.||Desde sua invenção, em meados do século XIX, a fotografia tem sido considerada um meio de expressão artística secundário; essa situação mudou no final do século XX. Hoje, ela representa uma parte importante da produção artística contemporânea. Este fato têm levado os artistas a procurar novos meios de apresentação e montagem. São essas técnicas e os materiais empregados para montar fotografias que são discutidos nos três artigos incluídos nesta nova edição dos Cadernos Técnicos de Conservação Fotográfica.",21x28 cm,978-85-7507-136-6,Práticas de montagem de fotografias contemporâneas – Caderno técnico – Volume 7
36,,"A história da Companhia de Revistas Walter Pinto — que reinou nos palcos cariocas nos anos 1940 e 50 com Virgínia Lane, Oscarito e outras estrelas — é recontada a partir do rico acervo fotográfico da Funarte sobre a empresa. A autora faz ainda uma análise comparativa com Eugénio Salvador, expoente do teatro de revista português.",18 x 26 cm,978-85-7507-141-0,Iconografia Teatral - acervos fotográficos de Walter Pinto e Eugénio Salvador
37,,"MPB – a história de um século	| ref.: ISBN: 978-85-7507-142-7
Ricardo Cravo Albin

Revista e ampliada, a reedição em quatro línguas revela as origens da MPB, os diferentes ritmos e gêneros e os compositores que marcaram cada fase da rica produção musical brasileira. Uma seleção de 400 imagens exibe os mais importantes intérpretes e compositores que ajudaram a consolidar a música brasileira e torná-la respeitada e apreciada no mundo inteiro.","22 x 28,5 cm",978-85-7507-142-7,MPB - a história de um século
38,,"Obra de referência que apresenta um panorama histórico sobre as principais casas de espetáculo da cidade e do estado do Rio de Janeiro e analisa as condições técnicas em que foram projetados e construídos. O livro traz também um extenso levantamento iconográfico formado por plantas, mapas, registros e fotografias.",21 x 28 cm,978-85-7507-149-6,Teatros do Rio - do século XVIII ao XX
39,,"Resultado das anotações feitas por Lucio Costa na viagem que fez do Minho ao Algarve em 1952, o livro traz croquis a lápis e anotações sobre a arquitetura portuguesa. No total, os registros resultaram em 305 folhas preenchendo 5 pequenos blocos. Perdidos por 50 anos, os bloquinhos foram recuperados após sua morte. Em 2011, José Pessôa refez o percurso de Lucio a Portugal e fotografou os locais anotados.",26x31 cm,,Bloquinhos de Portugal: a arquitetura portuguesa no traço de Lucio Costa
40,,Livro comemorativo dos 30 anos de existência do grupo de dança mineiro Primeiro Ato. Não se trata de um registro de toda a trajetória do grupo ou de estabelecer uma cronologia de acontecimentos ao longo desse tempo. Trata-se de uma celebração da convivência com a cena brasileira e de uma homenagem aos componentes que foram formando o grupo ao longo dos anos.,"18,5 x 24,5 cm",,Grupo Primeiro Ato - 30 anos de história
41,,"Esta obra retrata o percurso de Kalma Murtinho como figurinista do teatro brasileiro e suas criações ao longo de 60 anos. Além dos primorosos desenhos dos figurinos, o livro conta com o registro fotográfico de algumas peças e análises de duas grandes conhecedoras do teatro: Fernanda Montenegro e Barbara Heliodora.","21,5 x 28 cm",978-85-7507-158-8,"Kalma Murtinho, figurinos"
42,Teatro Seleto Chico de Assis,"A obra de Chico de Assis é um retrato contundente da cultura popular brasileira, em especial, da cultura nordestina e do cordel. Publicada em dois volumes, resgata grande parte de sua produção de textos teatrais caracterizados pela irreverência, humor e crítica social.",16 x 23 cm,978-85-7507-161-8,Teatro Seleto Chico de Assis – volume 1
43,Teatro Seleto Chico de Assis,"A obra de Chico de Assis é um retrato contundente da cultura popular brasileira, em especial, da cultura nordestina e do cordel. Publicada em dois volumes, resgata grande parte de sua produção de textos teatrais caracterizados pela irreverência, humor e crítica social.",16 x 23 cm,978-85-7507-162-5,Teatro Seleto Chico de Assis – volume 2
44,,"Biografia de Lamartine Babo, um dos mais importantes compositores brasileiros de todos os tempos, reeditada com acréscimos deixados pelo próprio autor, Suetônio Soares Valença, após a primeira edição. A vida e a obra do compositor têm como cenário o Rio de Janeiro das décadas de 1920 a 1960, quando Lamartine compôs as marchinhas carnavalescas que se tornaram repertório clássico do carnaval brasileiro.","18 x 26,5 cm",978-85-7507-159-5,Tra-la-lá: vida e obra de Lamartine Babo (3ª edição revista e ampliada)
45,,"Este livro revela o acervo descoberto pela pesquisadora contendo 71 cartas enviadas por João do Rio a João de Barros e Carlos Malheiro Dias, jornalistas e escritores portugueses que lutaram pela aproximação luso-brasileira no início do século XX, momento marcado por forte antilusitanismo. O lançamento foi inserido na programação do Ano Brasil-Portugal.","18x26,5 cm",978-85-7507-152-6,Cartas de João do Rio a João de Barros e Carlos Malheiro Dias
46,Lançamentos de 2016,"Luiz Carlos Ripper é considerado um dos grandes nomes da cenografia no Brasil. Cenógrafo, figurinista, diretor de arte e encenador teatral, Ripper rompeu com a cenografia de palco italiano predominante até os anos 1970, mesclando elementos das vanguardas artísticas da época — como o tropicalismo.  Sua contribuição para a cenografia reside no estabelecimento de novas relações entre palco-plateia, ator-personagem, além da busca por uma linguagem e uma identidade nacionais que se afastassem das influências europeias. Esta obra é resultado da pesquisa e recuperação do acervo pessoal de Ripper, empreendida pela pesquisadora Heloisa Lyra Bulcão.",21 x 21 cm,978-85-7507-171-7,Luiz Carlos Mendes Ripper: poesia e subversão
47,Lançamentos de 2016,"Diálogo em forma de relato que Sergio Britto fez ao sobrinho Paulo Brito, entre abril e maio de 2011. O ator Sergio Britto exercita sua memória, numa conversa com seu sobrinho Paulo Brito. O texto relembra momentos de vida do ator desde a adolescência, os estudos de medicina, a casa da família em Vila Isabel e resgata muitos momentos da memória do teatro brasileiro na medida em que menciona movimentos e grupos importantes das artes cênicas, além de artistas importantes como Fernanda Montenegro, Ítalo Rossi e Natália Timberg. As lembranças muitas vezes se confundem com sua luta pela vida, numa busca intensa para manter presente a lucidez e alguma esperança. Muitas vezes é o ator quem fala, trazendo todo o universo de suas personagens interpretadas. Em outras vezes é o homem, que busca por meio da reflexão um caminho, uma direção para o momento dramático em que se encontra. Sua derradeira obra criativa, como um ritual de despedida.Ator, diretor e produtor, Sergio Britto foi um dos fundadores do Teatro dos Sete nos anos 1950, participou ativamente de importantes realizações cênicas dos anos 1960 e 1970. Nos anos 1980, foi um dos sócios do Teatro dos Quatro e, nos 1990, realizou uma série de espetáculos musicados à frente do Teatro Delfim.",14 x 21 cm,978-85-7507-170-0,Memória a dois
48,Lançamentos de 2016,"Esta obra pretende rever o entendimento de Stanislávski no Brasil bem como atualizar atores e estudiosos brasileiros quanto aos estudos stanislavskianos na própria Rússia e no ocidente. A fonte primária é a ultima edição das obras completas em 9 volumes de Stanislávski, em russo. Para tanto parte-se de documentos originais para traçar a história da evolução do sistema de Stanislávski, desde seu início (1906) até a morte do diretor (1938). O objetivo é explicar e exemplificar as diversas fases do sistema, em suas facetas teóricas e práticas, bem como identificar suas raízes externas ao teatro – ioga, psicologia, etc. “A publicação de Stanislávskipreenche uma imensa lacuna na bibliografia do autor no Brasil, já que muitas de suas obras não foram vertidas diretamente do russo. A própria genealogia de seu Sistema dificulta o estabelecimento de um modelo fixo, uma vez que seus livros tiveram edições muito diferentes na Rússia e nos Estados Unidos.” (Ivam Cabral, Prefácio)
Esta edição, inédita em português, inclui recortes dos cadernos de anotações, registros dos ensaios, cartas, além de depoimentos e memórias dos atores, diretores, colegas e discípulos de Stanislávski. A partir da seleção e tradução desse material, o livro estrutura-se de maneira a possibilitar uma visão da formação e evolução histórica do sistema, bem como uma compreensão clara de cada um de seus estágios.",18 x 26 cm,978-85-7507-172-4,"Stanislávski: vida, obra e Sistema"
49,Lançamentos de 2016,"Este livro desenvolve uma análise de perspectiva historiográfica sobre o Teatrodo Estudante do Brasil – grupo criado por Paschoal Carlos Magno em 1938, noRio de Janeiro. A partir de fontes inéditas, oriundas em sua maioria do arquivo do seufundador, esta obra busca as razões que fundamentaram o surgimento e amanutenção do grupo, assim como os modos de produção dos seus espetáculos. Para a melhorcompreensão do significado do TEB no contexto do teatro brasileiro moderno, o amadorismoé investigado tendo em vista as transformações que se deram em seu interior, enquantoprática, a partir do final dos anos 1930. Como diz a autora, a “investigação sobre o Teatro do Estudante do Brasil foi realizada não só a partir daquilo que foi posto “em cena”, mas também levando em consideração os planos idealizados, mas não concretizados, em termos dos espetáculos, excursões e temporadas do grupo.”","18,6 x 26,6 cm",978-85-7507-174-8,O Teatro do Estudante do Brasil de Paschoal Carlos Magno
50,Lançamentos de 2016,"Esta obra parte do acervo pessoal de Paschoal Carlos Magno (Cedoc/Funarte), mas tem como foco principal o Teatro Duse, criado por ele para ser um espaço de atuação e experimentação teatral. O autor pesquisou questões de organização e objetivos do espaço, com destaque para a sua Escola de Arte Dramática. A obra analisa ainda os espetáculos que compunham o Festival do Autor Novo e o diálogo com a questão da dramaturgia nacional da época; representa um recorte importante da obra de Paschoal Carlos Magno e de sua forma de atuação no cenário teatral brasileiro da década de 1950.",16 x 23 cm,978-85-7507-173-1,Teatro Duse – O primeiro teatro-laboratório do Brasil
51,Lançamentos de 2016,"Trata-se de uma biografia ilustrada de Ernesto Nazareth, um dos músicos mais importantes da música popular brasileira. Nascido em 1863, começou a compor cedo, aos 14 anos. A trajetória de Ernesto em sintonia com os acontecimentos da cidade do Rio de Janeiro, capital da República, são narrados em meio a uma extensa e rica iconografia do período, destacando não só os momentos históricos do país como os principais acontecimentos da vida do compositor. Suas composições, apesar de extremamente pianísticas, muitas vezes retrataram o ambiente musical das serestas e choros. Na produção musical do compositor, destacam-se numericamente os tangos (em torno de 90 peças), as valsas (cerca de 40) e as polcas (cerca de 20), destinando-se o restante a gêneros variados como mazurcas, schottisches, marchas carnavalescas etc.","21,5 x 21,5 cm",978-85-7507-175-5,O Rio de Ernesto Nazareth
52,Lançamentos de 2016,"Guia para pesquisadores do Centro de Documentação da Funarte, com informações básicas sobre cada acervo privado da instituição. São informados a procedência, o doador, o período abrangido, os idiomas, a dimensão, a descrição quantitativa, o estágio de tratamento e os instrumentos de pesquisa disponíveis para cada acervo.",18 x 23 cm,978-85-7507-177-9,Arquivos e Coleções Privados Cedoc/Funarte – Guia Geral
53,Lançamentos de 2016,"Esta obra revela uma série de experiências vividas nos cursos que Pedro Vasquez ministrou recentemente abordando o trabalho de curadoria e de montagem de exposições fotográficas de forma criativa. Trata-se da transferência de experiências práticas nesse campo,sem contudo ser um guia obrigatório ou a última palavra sobre o assunto. Destina-se a todos aqueles interessados em trabalhar com fotografia, a museólogos, conservadores, arquivistas, historiadores, pesquisadores de diversas áreas de conhecimento, fotógrafos profissionais e amadores, assim como ao público leigo.",21 x 28 cm ,978-85-7507-176-2,Caderno Técnico de Fotografia Nº 8 – O uso criativo de acervos fotográficos
