,Abrangência/ Cobertura,Descrição,Título
0,Acre,"O Norte do Brasil tem um total de 4.000 sítios arqueológicos cadastrados. Rico em gravuras, pinturas rupestres e petroglifos (inscrições lapidadas em pedra), a região possui, por exemplo, sítios líticos a céu aberto em Tocantins, o monumental sítio megalítico de Calçoene, no Amapá, e sítios com extensas estruturas geométricas no Acre, considerados raros no mundo. ||As pesquisas arqueológicas realizadas no Estado do Acre demonstram que a ocupação indígena na região é milenar. No, ,, estão 253 sítios arqueológicos cadastrados pelo Iphan. Destes, muitos são considerados raros no mundo visto serem estruturas de terra perfeitamente geométricas que ocupam extensas áreas a maioria delas desmatadas. Tais registros arqueológicos são conhecidos como geoglifos, com predominância de formas quadradas e circularesa. Um grande desafio é a gestão desses sítios, alguns cortados por estradas., \r\n, \r\nEsses sítios do tipo geoglifo (também conhecidos como sítios com estruturas de terra), devido a sua monumentalidade, excepcionalidade, diversidade morfológica e à sua profusão por um vasto território, cujos significados e funcionalidades ainda são cientificamente desconhecidos. Sua extensão territorial engloba boa parte da Bacia do Alto Rio Purus e avança para os estados do Amazonas e de Rondônia, e para a vizinha Bolívia.Em 2010, o Iphan abriu e iniciou a instrução do processo de tombamento desses sítios em parceriacom a Universidade Federal do Pará (UFPA)., \r\n, \r\nApublicação , , lançadopelo Conselho Nacional de Desenvolvimento Científico e Tecnológico (CNPq) e Governo do Acre, apresenta inúmeras imagens edetalhes desses sítios arqueológicos.,||Geoglifo encontrado no Acre, na Fazenda Paraná.||Geoglifo José Maiste, no Acre.||Geoglifo encontrado no Acre, na Fazenda Paraná.",Patrimônio Arqueológico - AC
1,Amapá,"O Norte do Brasil tem um total de 4.000 sítios arqueológicos cadastrados. Rico em gravuras, pinturas rupestres e petroglifos (inscrições lapidadas em pedra), a região possui, por exemplo, sítios líticos a céu aberto em Tocantins, o monumental sítio megalítico de Calçoene, no Amapá, e sítios com extensas estruturas geométricas no Acre, considerados raros no mundo. ||O Amapá possui um vasto e diversificado patrimônio arqueológico, que vem sendo explorado desde o final do século XIX, quando, em 1895, foram encontrados pela expedição do naturalista Emílio Goeldi sítios arqueológicos com artefatos cerâmicos depositados em poços funerários. A partir daí, ocorreram pesquisas de forma esporádica, destacando-se a realizada por Aureliano Lima Guedes no setor estuarino do Amapá e a passagem de Curt Nimuendajú, na década de 1920, pela costa norte do Estado. Em 1957, o casal Meggers e Evans trabalhou na região, introduzindo a moderna arqueologia histórico-culturalista no nordeste amazônico., Pesquisas arqueológicas mais recentes têm conferido uma significativa visibilidade ao patrimônio arqueológico do Estado. Os resultados demonstram que ocupações antigas se deram por populações heterogêneas que apresentavam uma diversidade cultural bem marcada, como pode ser observado nas cerâmicas e urnas funerárias de Maracá, nos megalitos de Calçoene, na presença da fase Koriobo, ou ainda nas cerâmicas Marajoara encontradas no Estado.Existem sítios arqueológicos registrados em todos os municípios do Amapá, e esse patrimônio apresenta grande diversidade.||Sítio Arqueológico de Calçoene (AP)||Monolitos que formam o Sítio Arqueológico de Calçoene (AP) com provável função ritualísitca e de observação astronômica||Sítio Arqueológico de Calçoene (AP)||Sítio Arqueológico de Calçoene (AP)||Sítio Arqueológico de Calçoene (AP)||Sítio Arqueológico de Calçoene (AP)||Sítio Arqueológico de Calçoene (AP)||Sítio Arqueológico de Calçoene (AP)||Sítio Arqueológico de Calçoene (AP)||Sítio Arqueológico de Calçoene (AP)||Sítio Arqueológico de Calçoene (AP)||Megalitos associados a cerimoniais indígenas, no Sítio Arqueológico de Calçoene (AP)||Sítio Arqueológico de Calçoene (AP)||Sítio Arqueológico de Calçoene (AP)||Monolitos que formam o Sítio Arqueológico de Calçoene (AP)||Sítio Arqueológico de Calçoene (AP)||Sítio Arqueológico de Calçoene (AP)||Sítio Arqueológico de Calçoene (AP)||Sítio Arqueológico de Calçoene (AP)||O Sítio Arqueológico de Calçoene (AP) é caracterizado por possuir círculos megalíticos",Patrimônio Arqueológico - AP
2,Amazonas,"O Norte do Brasil tem um total de 4.000 sítios arqueológicos cadastrados. Rico em gravuras, pinturas rupestres e petroglifos (inscrições lapidadas em pedra), a região possui, por exemplo, sítios líticos a céu aberto em Tocantins, o monumental sítio megalítico de Calçoene, no Amapá, e sítios com extensas estruturas geométricas no Acre, considerados raros no mundo. ||O Iphan cadastrou 317 sítios arqueológicos, até 2014, noEstado do Amazonasrados. O número é considerado baixo face às dimensões territoriais do Estado. Na primeira década de 2000, o Iphan desenvolveu o Projeto de Levantamento Arqueológico do Município de Manaus e o mapeamento e o georreferenciamento de 11 municípios do Baixo Amazonas. Investiu, também, em um banco de projetos e na socialização de sítios, como o Sítio Arqueológico Hatahara, no município de Iranduba. As parcerias locais e a atenção permanente da Superintendência têm permitido, ainda, o aumento do cadastramento de novos sítios arqueológicos e ações mitigadoras de impacto.Em Manaus, estão expostas no Museu da Cidade (Salão de Arqueologia) o resultado de escavações e urnas funerárias encontradas na cidade, além dos fragmentos arqueológicos encontrados no Paço da Liberdade e seu entorno. , O patrimônio arqueológico do Amazonas caracteriza-se pela grande incidência de sítios, compondo um mapa patrimonial marcado pela grande densidade e variabilidade nos seus registros arqueológicos. Sabe-se que as ocupações amazônicas remontam a, aproximadamente, 8.000 anos antes do presente e que entre 3.000 e 2.000 anos atrás surgiramsítios que apresentam grandes extensões da chamada “terra preta de índio”, onde podem ser encontrados artefatos cerâmicos de rara beleza indicando que sociedades complexas estavam se desenvolvendo na região.||Urna funerária encontrada em escavações, no Paço Municipal, em Manaus (AM)||Urna funerária encontrada em escavações, no Paço Municipal, em Manaus (AM)||Urna funerária encontrada em escavações, no Paço Municipal, em Manaus (AM)||Urna funerária encontrada em escavações, no Paço Municipal, em Manaus (AM)",Patrimônio Arqueológico - AM
3,Pará,"O Norte do Brasil tem um total de 4.000 sítios arqueológicos cadastrados. Rico em gravuras, pinturas rupestres e petroglifos (inscrições lapidadas em pedra), a região possui, por exemplo, sítios líticos a céu aberto em Tocantins, o monumental sítio megalítico de Calçoene, no Amapá, e sítios com extensas estruturas geométricas no Acre, considerados raros no mundo. ||, O grande número de obras de infraestrutura em andamento no Brasil, nos últimos anos, ampliou o número de descobertas de novos sítios arqueológicos e determinou prioridade para seu cadastramento. A tarefa viabilizou-se por meio de parcerias com instituições de pesquisa, como o Museu Paraense Emílio Goeldi e a Universidade Federal do Pará (UFPA). Até dezembro de 2014, o Estado do Pará possuía 1.827 sítios cadastrados.||Acervo Iphan",Patrimônio Arqueológico - PA
4,Rondônia,"O Norte do Brasil tem um total de 4.000 sítios arqueológicos cadastrados. Rico em gravuras, pinturas rupestres e petroglifos (inscrições lapidadas em pedra), a região possui, por exemplo, sítios líticos a céu aberto em Tocantins, o monumental sítio megalítico de Calçoene, no Amapá, e sítios com extensas estruturas geométricas no Acre, considerados raros no mundo. ||O Iphan cadastrou 403 sítios arqueológicos, no Estado de Rondônia, até dezembro de 2014. O vasto legado arqueológico encontrado comprova que a ocupação portuguesa registrada, a partir do século XVII, impactou fortemente os grupos indígenas que povoavam essa região., Em 2012, o Instituto aprovou a retirada de 16 blocos rochosos contendo arte rupestre do tipo gravura, da Usina Hidrelétrica de Jirau (UHE), que passaram a pertencer ao acervo do museu a céu aberto criado no distrito de Nova Mutum, em Porto Velho (RO). Os blocos representam uma amostragem da arte rupestre amazônica e, expostos de forma musealizada, alcançarão uma gama infindável de turistas e pesquisadores. Os interessados terão a possibilidade de visualizaras gravuras por meio de modelagens e reconstituições virtuais.||Oficina lítica encontrada no Sítio Arqueológico Mirante (distrito de Nova Riachuelo em Presidente Médici) indica uso de instrumentos||Arte rupestre em baixo relevo no Sítio Arqueológico Mirante (distrito de Nova Riachuelo em Presidente Médici)||Arte rupestre no Sítio Arqueológico Mirante, localizado em Nova Riachuelo - distrito do município de Presidente Médici",Patrimônio Arqueológico - RO
5,Roraima,"O Norte do Brasil tem um total de 4.000 sítios arqueológicos cadastrados. Rico em gravuras, pinturas rupestres e petroglifos (inscrições lapidadas em pedra), a região possui, por exemplo, sítios líticos a céu aberto em Tocantins, o monumental sítio megalítico de Calçoene, no Amapá, e sítios com extensas estruturas geométricas no Acre, considerados raros no mundo. ||O Iphan cadastrou mais de 80 sítios arqueológicos, no Estado de Roraima, localizados durante pesquisas realizadas nas décadas de 1970 e 1980. Entre eles, estão muitos sítios rupestres, oficinas líticas e sítios lito-cerâmicos. Inúmeras pinturas rupestres foram encontradas em um sitio arqueológico localizado no município de São Luiz do Anauá, além de outros desenhos localizados nos sítios das reservas indígenas São Marcos e Raposa Serra do Sol., \r\n, \r\nEm 2014, o Instituto tombou as ruínas do Forte de São Joaquim do Rio Branco, inscrevendo-as nos livros do Tombo Histórico e do Tombo Arqueológico, Etnográfico e Paisagístico. O Forte foi construído no século XVIII para impedir a entrada de invasores espanhóis e holandeses, na região.,",Patrimônio Arqueológico - RR
6,Tocantins,"O Norte do Brasil tem um total de 4.000 sítios arqueológicos cadastrados. Rico em gravuras, pinturas rupestres e petroglifos (inscrições lapidadas em pedra), a região possui, por exemplo, sítios líticos a céu aberto em Tocantins, o monumental sítio megalítico de Calçoene, no Amapá, e sítios com extensas estruturas geométricas no Acre, considerados raros no mundo. ||O patrimônio arqueológico do Estado possui grande potencial, com 862 sítios arqueológicos cadastrados, até 2014. Os sítios líticos a céu aberto são encontrados nas regiões mais afastadas do rio Tocantins. Nas barrancas do leito do rio foram localizadasgravuras rupestres e material lítico lascado, enquanto nas praias e ilhas estão oficinas líticas, sítios cerâmicos a céu aberto, e sítios com arte rupestre nas regiões de elevações calcárias., Destacam-se, dentre o patrimônio arqueológico tocantinense, os sítios da região do Jalapão, no leste do Estado, e da região de Lageado, onde existemsignificativos sítios rupestres. As ocupações humanas naquelas áreas recuam até 12.000 anos antes do presente e formaram sítios arqueológicos durante toda a pré-história, até o contato com os colonizadores europeus. Também podem ser encontradas estruturas relacionadas à arqueologia do período histórico, significativas da ocupação dessa área de contato da Floresta Amazônica com aquelas do Brasil Central, o bioma Cerrado.||Sítio arqueológico em Tocantins||Os afloramentos líticos em Tocantins apresentam, muitas vezes, pinturas rupestres||Sítio arqueológico Vão do Caititu em Tocantins",Patrimônio Arqueológico - TO
7,Alagoas,"Com um total de 4.767 sítios cadastrados, no Nordeste estão localizados seis dos 17 bens arqueológicos tombados pelo Iphan, sendo dois no Maranhão, e um em Alagoas, Ceará, Paraíba e Piauí. Entre os sítios está o Geopark do Araripe, no Ceará, que integra a Rede Mundial de Geoparks – estabelecida pela Unesco em 2004 – único reconhecido na América do Sul.  ||Alagoas possui um rico acervo arqueológico com vestígios de ocupação humana de mais de oito mil anos. Sobressaem-se os sítios líticos e cerâmicos, e de pintura rupestre. Entre eles, estão os grafismos rupestres da região ribeirinha do rio São Francisco. Nos matacões e abrigos sob as rochas do São Francisco, são encontrados painéis que intercalam elementos gráficos de diferentes tradições rupestres. Destacam-se, também, as diversas oficinas líticas presentes no Estado, atestando uma importante diversidade comportamental pré-histórica., O patrimônio arqueológico apresenta alta incidência de sítios contendo componentes de cemitérios, indígenas representados pela grande quantidade de urnas funerárias frequentemente encontradas, as chamadas “igaçabas”, especialmente na região do Agreste Alagoano. Nesta região, vêm sendo identificados vários sítios arqueológicos especialmente nos municípios de Arapiraca, Anadia e Limoeiro de Anadia.||A Serra da Barriga (AL) é um bem que representa a história fundadora de territórios e memórias sociais coletivas||Quilombo na Serra da Barriga (AL)||A Serra da Barriga (AL) é o local referencial para as práticas de referências culturais relacionada à ancestralidade cultural africana e afrodescendente||Quilombo na Serra da Barriga (AL)||Palmares representou a resistência ao modelo colonial vigente durante determinado período da história Mundial, marco presente na história da Serra da Barriga (AL)||Serra da Barriga (AL)||Serra da Barriga (AL)||A diáspora de Palmares representou a formação da sociedade alagoana e brasileira, fato importante que é relembrado no Dia da Consciência Negra, comemorado em 20 de novembro||A Serra da Barriga (AL), símbolo do principal mocambo do Quilombo dos Palmares, localiza-se junto às Matas Atlânticas próximas ao litoral do nordeste brasileiro||Uma parte da Serra da Barriga (AL) se encontra no município de União dos Palmares, em Alagoas||Na Serra da Barriga (AL) os ancestrais africanos também se manifestam nas formas imateriais da suas religiões||A Fundação Cultural Palmares, vinculada ao Ministério da Cultura, administra a Serra da Barriga (AL)||Os espaços da Serra da Barriga (AL) fazem parte da memória e da cultura dos afrodescendentes||O local da Serra da Barriga (AL) é um testemunho material dos processos de ocupação humana representando um dos mais importantes povoados do Quilombo de Palmares||A Serra da Barriga (AL) é identificada como local simbólico e referencial às práticas religiosas africanas||A Serra da Barriga (AL) demonstra a capacidade criativa dos africanos escravizados ao recriar uma sociedade oposta à do colonizador, com elementos trazidos da África||Sistema eletrônico  de informções do Parque Memoria Quilombo do Palmares||Vista do mirante da Serra da Barriga, em Alagoas||Vista do mirante da Serra da Barriga (AL)||Parque Memorial Quilombo dos Palmares, em Alagoas||Parque Memorial Quilombo dos Palmares, em Alagoas||O Parque é um local para a prática de religiões de matrizes africanas||O Parque é um local para a prática de religiões de matrizes africanas||O Parque é um local para a prática de religiões de matrizes africanas||Capoeira no  Parque Memorial Quilombo dos Palmares (AL)||Capoeira no  Parque Memorial Quilombo dos Palmares||Detalhe no Parque Memorial Quilombo dos Palmares||Parque Memorial Quilombo dos Palmares (AL)||O Parque é um local para a prática de religiões de matrizes africanas||O Parque é um local para a prática de religiões de matrizes africanas||O Parque é um local para a prática de religiões de matrizes africanas",Patrimônio Arqueológico - AL
8,Bahia,"Com um total de 4.767 sítios cadastrados, no Nordeste estão localizados seis dos 17 bens arqueológicos tombados pelo Iphan, sendo dois no Maranhão, e um em Alagoas, Ceará, Paraíba e Piauí. Entre os sítios está o Geopark do Araripe, no Ceará, que integra a Rede Mundial de Geoparks – estabelecida pela Unesco em 2004 – único reconhecido na América do Sul.  ||A Bahia possui uma grande diversidade de sítios arqueológicos, com mais de 875 sítios cadastrados pelo Iphan, até 2014. A maioria deles é pré-colonial com numerosas ocorrências de inscrições rupestres, sobretudo na Chapada da Diamantina, onde está a maior concentração dos sítios identificados e estudados. O Iphan, em parceria com os governos estadual e municipais, promoveu o Programa de Identificação, Proteção e Gestão de Sítios Arqueológicos de Arte Rupestre da Chapada Diamantina, para identificar, mapear e avaliar o estado de conservação dos sítios rupestres do território baiano., Esse patrimônio arqueológico encontra-se disperso por quase todo o Estado, destacando-se em algumas regiões como a Bacia do Rio São Francisco, áreas dos biomas Caatinga e Cerrado, além do litoral. Os sítios cerâmicos são recorrentes ao longo do Baixo-Médio São Francisco, no Recôncavo Sul, na Serra Geral e em Irecê. O Núcleo de Arqueologia da Superintendência as ações de preservação, divulgação e fiscalização desses bens culturais.",Patrimônio Arqueológico - BA
9,Ceará,"Com um total de 4.767 sítios cadastrados, no Nordeste estão localizados seis dos 17 bens arqueológicos tombados pelo Iphan, sendo dois no Maranhão, e um em Alagoas, Ceará, Paraíba e Piauí. Entre os sítios está o Geopark do Araripe, no Ceará, que integra a Rede Mundial de Geoparks – estabelecida pela Unesco em 2004 – único reconhecido na América do Sul.  ||O Ceará tem grande potencial arqueológico e contava 528 sítios cadastrados até dezembro de 2014. Há uma significativa ocorrência de sítios arqueológicos pré-coloniais, com uma grande quantidade de sítios cerâmicos e líticos, além de notável presença de grafismos rupestres. Dentre as áreas de interesse arqueológico, destacam-se os sítios litorâneos com vestígios históricos e pré-coloniais, identificados nas proximidades de rios como o Jaguaribe e o Acaraú. Nas regiões do centro-norte do Estado (Forquilha, Sobral e Iraçuba), a região de Cariri (Crato e Nova Olinda) e o sertão central (Quixadá e Quixeramobim), destacam-se algumas manifestações rupestres que foram objeto de estudos acadêmicos., Nos municípios de Tauá, Arneiroz e Morada Nova, foram identificados numerosos sítios líticos formados por grupos caçadores-coletores, enquanto no município de Mauriti, na porção leste do Cariri, foram localizadas aldeias ceramistas, com destaque para a aldeia Tupi-Guarani Anauá, datada do século XIV. Parte significativa dos sítios arqueológicos do Estado foi descoberta em projetos de licenciamento arqueológico, fato que alertou para o potencial das pesquisas preventivas na região. O Iphan tem investido em projetos de etnoarqueologia, na identificação e no registro de coleções particulares de bens arqueológicos. , \r\n, \r\nO Iphan financiou, em 2012, escavações arqueológicas na comunidade da Serra do Evaristo, localizada no município de Baturité (área do Maciço do Baturité). Umconjunto de urnas funeráriasencontradoparcialmente nasuperfíciemotivou a pesquisa e o projeto de escavação do sítio funerário para atenderà comunidade quilombola da Serra do Evaristo, certificada pela Fundação Palmares. A importância social e o significativo potencial informativo desse enclave arqueológico da Serra do Evaristo atraíram interessados em parcerias futuras para continuidade da pesquisa, como a Universidade da Integração Internacional da Lusofonia Afro-Brasileira (Unilab), que atua na região desseMaciço.||Sítio Arqueológico Nova Olinda  - Nova Olinda (CE)||Sítio Arqueológico Nova Olinda  - Nova Olinda (CE)||Sítio Arqueológico Nova Olinda  - Nova Olinda (CE)||Sítio Arqueológico Nova Olinda  - Nova Olinda (CE)||Sítio Arqueológico Nova Olinda  - Nova Olinda (CE)||Sítio Arqueológico Nova Olinda  - Nova Olinda (CE)||Sítio Arqueológico Nova Olinda  - Nova Olinda (CE)||Sítio Arqueológico Nova Olinda  - Nova Olinda (CE)||Sítio Arqueológico Nova Olinda  - Nova Olinda (CE)||Sítio Arqueológico Nova Olinda  - Nova Olinda (CE)||Sítio Arqueológico Nova Olinda  - Nova Olinda (CE)||Sítio Arqueológico Nova Olinda  - Nova Olinda (CE)||Sítio Arqueológico Nova Olinda  - Nova Olinda (CE)||Sítio Arqueológico Nova Olinda  - Nova Olinda (CE)",Patrimônio Arqueológico - CE
10,Maranhão,"Com um total de 4.767 sítios cadastrados, no Nordeste estão localizados seis dos 17 bens arqueológicos tombados pelo Iphan, sendo dois no Maranhão, e um em Alagoas, Ceará, Paraíba e Piauí. Entre os sítios está o Geopark do Araripe, no Ceará, que integra a Rede Mundial de Geoparks – estabelecida pela Unesco em 2004 – único reconhecido na América do Sul.  ||O Maranhão possui um rico patrimônio arqueológico distribuído por inúmeras regiões do Estado, com sua diversidade marcada pela diferentes ocupações de áreas amazônicas, de cerrado, das matas dos cocais e litorâneas. Esta diversidade ecológica se apresenta na variabilidade dos sítios arqueológicos que se encontram no Estado, dos grupos sambaquieiros do litoral, proto-tupis e tupis do litoral e interior, até os sítios rupestres frequentemente encontrados na região de Carolina, no sudoeste do Estado., A diversidade de paisagens foi o cenário para a ocupação de diferentes culturas, ao longo do tempo, cujos vestígios são considerados bens de natureza arqueológica, constituindo um valioso patrimônio cultural. O conhecimento sobre os povos que ocuparam o Maranhão no período anterior a presença do colonizador europeu ainda é fragmentado e se restringe a poucas áreas, mas isto está se modificando com o aumento do número de estudos arqueológicos, nos últimos anos, em decorrência da intensificação da fiscalização do Iphan sobre a implantação de obras e empreendimentos modificadores do meio físico.",Patrimônio Arqueológico - MA
11,Paraíba,"Com um total de 4.767 sítios cadastrados, no Nordeste estão localizados seis dos 17 bens arqueológicos tombados pelo Iphan, sendo dois no Maranhão, e um em Alagoas, Ceará, Paraíba e Piauí. Entre os sítios está o Geopark do Araripe, no Ceará, que integra a Rede Mundial de Geoparks – estabelecida pela Unesco em 2004 – único reconhecido na América do Sul.  ||Os povos Tabajara e Tapuia (que viviam no interior) e os Potiguar (que habitavam o norte da Paraíba) são três das etnias indígenas dominantes e primeiros habitantes do Estado. Assim, há grande diversidade e importantes ocorrências arqueológicas na Paraíba, com 149 sítios cadastrados. A , , no município de mesmo nome, é um dos sítios arqueológicos mais importantes do Brasil e tombado pelo Iphan. Possui um conjunto de inscrições rupestres em baixo-relevo, cuja origem, datação e significado até hoje são desconhecidos. Outro sítio arqueológico bastante relevante foi localizado no município de Pilões - um cemitério indígena da tradição Aratú.,||Sítio Arqueológico Itacoatiaras do Rio Ingá (PB)||Sítio Arqueológico Itacoatiaras do Rio Ingá (PB)||Sítio Arqueológico Itacoatiaras do Rio Ingá (PB)||Sítio Arqueológico Itacoatiaras do Rio Ingá (PB)||Sítio Arqueológico Itacoatiaras do Rio Ingá (PB)||Sítio Arqueológico Itacoatiaras do Rio Ingá (PB)||Sítio Arqueológico Itacoatiaras do Rio Ingá (PB)||Sítio Arqueológico Itacoatiaras do Rio Ingá (PB)||Sítio Arqueológico Itacoatiaras do Rio Ingá (PB)",Patrimônio Arqueológico - PB
12,Pernambuco,"Com um total de 4.767 sítios cadastrados, no Nordeste estão localizados seis dos 17 bens arqueológicos tombados pelo Iphan, sendo dois no Maranhão, e um em Alagoas, Ceará, Paraíba e Piauí. Entre os sítios está o Geopark do Araripe, no Ceará, que integra a Rede Mundial de Geoparks – estabelecida pela Unesco em 2004 – único reconhecido na América do Sul.  ||O patrimônio arqueológico de Pernambuco possuía, até 2014, 506 sítios cadastrados. Com a expansão das obras infraestruturais, no Estado, tem ocorrido um aumento significativo nas pesquisas arqueológicas realizadas no âmbito do licenciamento ambiental, o que tem possibilitado a coleta de dados sobre áreas antes pouco conhecidas arqueologicamente. Na arqueologia histórica, a pesquisa realizada pela Universidade Federal de Pernambuco (UFPE) no chamado Forte Orange, demonstrou que o verdadeiro Forte Orange holandês encontra-se sob a construção da estrutura que resiste até os dias atuais, a portuguesa Fortaleza de Santa Cruz., O Parque Nacional do Vale do Catimbau, localizado no município de Buique (sertão pernambucano), abriga os mais importantes conjuntos de pintura rupestre do Estado. O Vale do Catimbau, com 62 mil hectares, só perde em extensão para o Parque Nacional da Serra da Capivara, no Piauí. Na região do município do Brejo da Madre de Deus há sítios arqueológicos onde foram encontrados sepultamentos humanos com contextos de preservação excelentes, de um potencial informativo que está entre os mais significativos para a pré-história brasileira.",Patrimônio Arqueológico - PE
13,Piauí,"Com um total de 4.767 sítios cadastrados, no Nordeste estão localizados seis dos 17 bens arqueológicos tombados pelo Iphan, sendo dois no Maranhão, e um em Alagoas, Ceará, Paraíba e Piauí. Entre os sítios está o Geopark do Araripe, no Ceará, que integra a Rede Mundial de Geoparks – estabelecida pela Unesco em 2004 – único reconhecido na América do Sul.  ||O Piauí possui mais de 1.800 sítios arqueológicos registrados pelo Iphan, entre eles a Floresta Fóssil do Rio Poti, localizada no município de Teresina e tombada como bem paleontológico, em 2003. Na região sudeste do Estado, está o , tombado pelo Iphan, em 1993, edeclarado Patrimônio Mundial Cultural, pela Unesco, em 1991. Outro importante cenário arqueológico é o , , criado em 1961 e localizado no município de Piracuruca. Dezenas de sítios com vestígios da pré-história da América Latina foram cadastrados pelo Iphan nessa área, onde os processos erosivos ocorrem há 190 milhões de anos. Na chamada Primeira Cidade, está a Piscina dos Milagres (que nunca deixou de jorrar, mesmo durante os períodos de secas mais severas), além do Salão do Pajé onde é possível observar inscrições rupestres e grupamentos de rochas que parecem formar pequenas cidades, separadas entre si.,||Pinturas rupestres no Parque Nacional Sete Cidades, município de Piracuruca (PI)||Pinturas rupestres no Parque Nacional Sete Cidades, município de Piracuruca (PI)||Pinturas rupestres no Parque Nacional Sete Cidades, município de Piracuruca (PI)||Pinturas rupestres no Parque Nacional Sete Cidades, município de Piracuruca (PI)||Pinturas rupestres no Parque Nacional Sete Cidades, município de Piracuruca (PI)||Pinturas rupestres no Parque Nacional Sete Cidades, município de Piracuruca (PI)||Pinturas rupestres no Parque Nacional Sete Cidades, município de Piracuruca (PI)||Pinturas rupestres no Parque Nacional Sete Cidades, município de Piracuruca (PI)||Pinturas rupestres no Parque Nacional Sete Cidades, município de Piracuruca (PI)||Pinturas rupestres no Parque Nacional Sete Cidades, município de Piracuruca (PI)||Pinturas rupestres no Parque Nacional Sete Cidades, município de Piracuruca (PI)||Pinturas rupestres no Parque Nacional Sete Cidades, município de Piracuruca (PI)||Pinturas rupestres no Parque Nacional Sete Cidades, município de Piracuruca (PI)",Patrimônio Arqueológico - PI
14,Rio Grande do Norte,"Com um total de 4.767 sítios cadastrados, no Nordeste estão localizados seis dos 17 bens arqueológicos tombados pelo Iphan, sendo dois no Maranhão, e um em Alagoas, Ceará, Paraíba e Piauí. Entre os sítios está o Geopark do Araripe, no Ceará, que integra a Rede Mundial de Geoparks – estabelecida pela Unesco em 2004 – único reconhecido na América do Sul.  ||No Rio Grande do Norte existe uma quantidade considerável de sítios arqueológicos. No litoral predominam os sítios de superfície e no interior há grande quantidade de arte rupestre. A Superintendência promoveu a socialização dos sítios de Xique-Xique I e II, e outros três sítios estão sendo preparados para receber visitantes, com a implantação de passarelas e ações de Educação Patrimonial. Até dezembro de 2014 estavam cadastrados 299 sítios no Estado.,",Patrimônio Arqueológico - RN
15,Sergipe,"Com um total de 4.767 sítios cadastrados, no Nordeste estão localizados seis dos 17 bens arqueológicos tombados pelo Iphan, sendo dois no Maranhão, e um em Alagoas, Ceará, Paraíba e Piauí. Entre os sítios está o Geopark do Araripe, no Ceará, que integra a Rede Mundial de Geoparks – estabelecida pela Unesco em 2004 – único reconhecido na América do Sul.  ||É grande o potencial arqueológico de Sergipe e até dezembro de 2014 estavam cadastrados 155 sítios. A maior parte deles está localizada às margens do rio São Francisco, na região de Xingó, onde se destacam os conjuntos de pinturas rupestres. No sítio arqueológico do Xingó, desde as escavações que criaram o grande lago da hidrelétrica, o Iphan mantém trabalho permanente para inventariar as peças e coleções resgatadas. Todo o acervo está reunido no Museu de Arqueologia de Xingó. Este trabalho é desenvolvido em parceria com a Universidade Federal de Sergipe., \r\n,",Patrimônio Arqueológico - SE
16,"Os registros pré-históricos mais antigos do País estão entre os cadastrados em Mato Grosso do Sul, e indicam a presença de grupos ceramistas e horticultores. O Estado abriga ainda o Geopark Bodoquena-Pantanal, criado pelo Decreto Estadual n° 12.897, de 22 de dezembro de 2009 e aguarda reconhecimento da Organização das Nações Unidas para a Educação, a Ciência e a Cultura (Unesco). O Distrito Federal possui sítios arqueológicos que apresentam diversidade de sítios líticos (locais utilizados pelo homem para a fabricação de objetos em pedra), cerâmicos, de arte rupestre, cemitérios e do período colonial. ","No Centro-Oeste estão 2.741 sítios arqueológicos, dentre eles alguns que indicam a presença humana há 25 mil anos na região. Os sítios de Goiás se destacam pelas grutas com pinturas e gravuras, como as de Serranópolis, e os sítios de grandes aldeias, de acampamentos, de cemitérios e oficinas líticas que comprovam a presença indígena no território. Em Mato Grosso, está o segundo sítio mais antigo do Brasil, o Sítio Arqueológico Santa Elina, na Serra das Araras, município de Jangada. Lá, as pesquisas comprovaram a presença humana, há mais de 25 mil anos, e foi encontrada a ossada de uma preguiça gigante, extinta há 10 mil anos.||Patrimônio Arqueológico - DF",Distrito Federal
17,"Os registros pré-históricos mais antigos do País estão entre os cadastrados em Mato Grosso do Sul, e indicam a presença de grupos ceramistas e horticultores. O Estado abriga ainda o Geopark Bodoquena-Pantanal, criado pelo Decreto Estadual n° 12.897, de 22 de dezembro de 2009 e aguarda reconhecimento da Organização das Nações Unidas para a Educação, a Ciência e a Cultura (Unesco). O Distrito Federal possui sítios arqueológicos que apresentam diversidade de sítios líticos (locais utilizados pelo homem para a fabricação de objetos em pedra), cerâmicos, de arte rupestre, cemitérios e do período colonial. ","No Centro-Oeste estão 2.741 sítios arqueológicos, dentre eles alguns que indicam a presença humana há 25 mil anos na região. Os sítios de Goiás se destacam pelas grutas com pinturas e gravuras, como as de Serranópolis, e os sítios de grandes aldeias, de acampamentos, de cemitérios e oficinas líticas que comprovam a presença indígena no território. Em Mato Grosso, está o segundo sítio mais antigo do Brasil, o Sítio Arqueológico Santa Elina, na Serra das Araras, município de Jangada. Lá, as pesquisas comprovaram a presença humana, há mais de 25 mil anos, e foi encontrada a ossada de uma preguiça gigante, extinta há 10 mil anos.||Patrimônio Arqueológico - GO",Goiás
18,"Os registros pré-históricos mais antigos do País estão entre os cadastrados em Mato Grosso do Sul, e indicam a presença de grupos ceramistas e horticultores. O Estado abriga ainda o Geopark Bodoquena-Pantanal, criado pelo Decreto Estadual n° 12.897, de 22 de dezembro de 2009 e aguarda reconhecimento da Organização das Nações Unidas para a Educação, a Ciência e a Cultura (Unesco). O Distrito Federal possui sítios arqueológicos que apresentam diversidade de sítios líticos (locais utilizados pelo homem para a fabricação de objetos em pedra), cerâmicos, de arte rupestre, cemitérios e do período colonial. ","No Centro-Oeste estão 2.741 sítios arqueológicos, dentre eles alguns que indicam a presença humana há 25 mil anos na região. Os sítios de Goiás se destacam pelas grutas com pinturas e gravuras, como as de Serranópolis, e os sítios de grandes aldeias, de acampamentos, de cemitérios e oficinas líticas que comprovam a presença indígena no território. Em Mato Grosso, está o segundo sítio mais antigo do Brasil, o Sítio Arqueológico Santa Elina, na Serra das Araras, município de Jangada. Lá, as pesquisas comprovaram a presença humana, há mais de 25 mil anos, e foi encontrada a ossada de uma preguiça gigante, extinta há 10 mil anos.||Patrimônio Arqueológico - MT||http://portal.iphan.gov.br/uploads/ckfinder/images/Diversas/MT_ARQ/01_sitio_arqueologico_de_pedra_preta___paranaita_mt__foto_acervo_iphan.jpg||http://portal.iphan.gov.br/uploads/ckfinder/images/Diversas/MT_ARQ/02_sitio_arqueologico_de_pedra_preta__paranaita_mt__foto_acervo_iphan.jpg||http://portal.iphan.gov.br/uploads/ckfinder/images/Diversas/MT_ARQ/03_sitio_arqueologico_de_pedra_preta__paranaita_mt__foto_acervo_iphan.jpg||http://portal.iphan.gov.br/uploads/ckfinder/images/Diversas/MT_ARQ/04_sitio_arqueologico_de_pedra_preta__paranaita_mt__foto_acervo_iphan.jpg||http://portal.iphan.gov.br/uploads/ckfinder/images/Diversas/MT_ARQ/05_sitio_arqueologico_de_pedra_preta__paranaita_mt__foto_acervo_iphan.jpg||http://portal.iphan.gov.br/uploads/ckfinder/images/Diversas/MT_ARQ/06_sitio_arqueologico_de_pedra_preta__paranaita_mt__foto_acervo_iphan.jpg||http://portal.iphan.gov.br/uploads/ckfinder/images/Diversas/MT_ARQ/07_sitio_arqueologico_de_pedra_preta__paranaita_mt__foto_acervo_iphan.jpg||http://portal.iphan.gov.br/uploads/ckfinder/images/Diversas/MT_ARQ/08_sitio_arqueologico_de_pedra_preta__paranaita_mt__foto_acervo_iphan.jpg",Mato Grosso
19,"Os registros pré-históricos mais antigos do País estão entre os cadastrados em Mato Grosso do Sul, e indicam a presença de grupos ceramistas e horticultores. O Estado abriga ainda o Geopark Bodoquena-Pantanal, criado pelo Decreto Estadual n° 12.897, de 22 de dezembro de 2009 e aguarda reconhecimento da Organização das Nações Unidas para a Educação, a Ciência e a Cultura (Unesco). O Distrito Federal possui sítios arqueológicos que apresentam diversidade de sítios líticos (locais utilizados pelo homem para a fabricação de objetos em pedra), cerâmicos, de arte rupestre, cemitérios e do período colonial. ","No Centro-Oeste estão 2.741 sítios arqueológicos, dentre eles alguns que indicam a presença humana há 25 mil anos na região. Os sítios de Goiás se destacam pelas grutas com pinturas e gravuras, como as de Serranópolis, e os sítios de grandes aldeias, de acampamentos, de cemitérios e oficinas líticas que comprovam a presença indígena no território. Em Mato Grosso, está o segundo sítio mais antigo do Brasil, o Sítio Arqueológico Santa Elina, na Serra das Araras, município de Jangada. Lá, as pesquisas comprovaram a presença humana, há mais de 25 mil anos, e foi encontrada a ossada de uma preguiça gigante, extinta há 10 mil anos.||Patrimônio Arqueológico - MS",Mato Grosso do Sul
20,Espírito Santo,"No Sudeste, com 3.347 cadastros, está o registro da descoberta do mais antigo fóssil humano das Américas: o crânio de “Luzia” – como foi batizado – encontrado em 1975, em Minas Gerais. O Estado possui, ainda, milhares de sítios pré-coloniais, entre grutas, cavernas e áreas remanescentes de povos indígenas. Em São Paulo, destaca-se o sítio arqueológico situado nas ruínas do Engenho de São Jorge dos Erasmos, do século XVI, em Santos, litoral paulista, que comprova a existência da etnia Tupinambá na região. O Rio de Janeiro possui, entre seus sítios arqueológico, o Sambaqui de Camboinhas, em Niterói, com mais de sete mil anos. No Espírito Santo, os sítios arqueológicos são marcados por vestígios de ocupação indígena.||Os sítios arqueológicos brasileiros e todos os artefatos neles encontradossão considerados parte do Patrimônio Cultural Brasileiro, conforme a Lei nº 3.924 de 1961 e o Art.216 da Constituição Federal. Pela legislação, todos os sítios, até mesmo os que ainda não foram identificados, são considerados bens da União, cabendo ao Iphan realizar a proteção e fiscalização dos mesmos. Também é responsabilidade do Iphan autorizar a realização de pesquisas em qualquer sítio ou local onde estes possam se encontrar, sendo que esta atividade só pode ser realizada por arqueólogos., No Espírito Santo, há 550 sítios arqueológicos cadastrados, a maior parte situada na região costeira, sobretudo no norte do Estado, nos municípios de Linhares, São Mateus e Conceição da Barra. A região metropolitana de Vitória, principalmente Serra, Vitória, Vila Velha e Cariacica, também apresenta um grande potencial arqueológico, onde há mais de 80 sítios arqueológicos cadastrados.||Acervo Iphan",Patrimônio Arqueológico  -  ES
21,Minas Gerais,"No Sudeste, com 3.347 cadastros, está o registro da descoberta do mais antigo fóssil humano das Américas: o crânio de “Luzia” – como foi batizado – encontrado em 1975, em Minas Gerais. O Estado possui, ainda, milhares de sítios pré-coloniais, entre grutas, cavernas e áreas remanescentes de povos indígenas. Em São Paulo, destaca-se o sítio arqueológico situado nas ruínas do Engenho de São Jorge dos Erasmos, do século XVI, em Santos, litoral paulista, que comprova a existência da etnia Tupinambá na região. O Rio de Janeiro possui, entre seus sítios arqueológico, o Sambaqui de Camboinhas, em Niterói, com mais de sete mil anos. No Espírito Santo, os sítios arqueológicos são marcados por vestígios de ocupação indígena.||A arqueologia brasileira iniciou-se no território de Minas Gerais, ainda no século XIX, com o naturalista dinamarquês Peter , Lund,que descobriu os primeiros sítios arqueológicos na região de Lagoa Santa e Matozinhos e é considerado o “Pai da Arqueologia” no Brasil. Sítio Arqueológico é um local onde se encontram vestígios das pessoas que viveram no passado. Esses vestígios revelam as atividades e a cultura de homens e mulheres, identificados nos restos de construções, alimentação, instrumentos de trabalho, armas, enfeites e pinturas., A Lapa da Cerca Grande, localizada no município de Matozinhos (distrito de Mocambeiros), foi tombada e inscrita pelo Iphan, em 1962, no Livro do Tombo Arqueológico, Etnográfico e Paisagístico. É um maciço calcário que se localiza na região do Rio das Velhas. Em 1837, foi visitada por Lund, que encontrou restos de muitos animais extintos do período Pleistoceno. Uma das grutas apresenta cerca de 100 desenhos rupestres, representando cenas de caça e animais existentes na região.||Paredão de Cerca Grande - Matozinhos (MG)||Paredão de Cerca Grande - Matozinhos (MG)||Grafismo rupestre de Cerca Grande - Matozinhos (MG)||Grafismo rupestre de Cerca Grande - Matozinhos (MG)||Grafismo rupestre de Cerca Grande - Matozinhos (MG)||Grafismo rupestre de Cerca Grande - Matozinhos (MG)||Grafismo rupestre de Cerca Grande - Matozinhos (MG)||Grafismo rupestre de Cerca Grande - Matozinhos (MG)||Grafismo rupestre de Cerca Grande - Matozinhos||Grafismo rupestre de Cerca Grande - Matozinhos||Grafismo rupestre de Cerca Grande - Matozinhos (MG)||Grafismo rupestre de Cerca Grande - Matozinhos (MG)||Grafismo rupestre - Abrigo de Cauaia - Pedro Leopoldo (MG)||Pintura rupestre - Sitio Arqueológico Mirandinha - Mariana (MG)||Pintura rupestre - Sitio Arqueológico Mirandinha - Mariana (MG)||Grafismo rupestre de Cerca Grande - Matozinhos (MG)||Pinturas rupestres em Lapinha - Santana do Riacho (MG)||Pinturas rupestres em Lapinha - Santana do Riacho (MG)||Pinturas rupestres em Lapinha - Santana do Riacho (MG)||Pinturas rupestres em Lapinha - Santana do Riacho (MG)||Pinturas rupestres em Lapinha - Santana do Riacho (MG)",Patrimônio Arqueológico - MG
22,Patrimônio Arqueológico - PR,Paraná||http://portal.iphan.gov.br/pagina/detalhes/658/,"O Paraná possui1304 sítios arqueológicos cadastradospelo Iphan. Os sítios líticos de caçadores e coletores datam de aproximadamente 8.000 anos; os cerâmicos de horticultores e ceramistas têm 2.000 anos. Existem sambaquis, pinturas e inscrições rupestres, além de sítios históricos registrados a partir do século XVI, como as reduções jesuíticas de Nossa Senhora de Loreto e de Santo Inácio Mini e as cidades espanholas Ciudad Real del Guairá e Villa Rica del’ Espiritu Santo I e II; e os caminhos históricos da Graciosa, do Itupava e do Arraial, que ligavam o litoral ao planalto curitibano."
23,Patrimônio Arqueológico - RS,Rio Grande do Sul||http://portal.iphan.gov.br/uploads/ckfinder/images/Diversas/RS_Sao_Miguel_das_Missoes/02_ruinas_da_igreja_de_sao_miguel__sao_miguel_das_missoes_rs_foto_acervo_iphan.jpg||http://portal.iphan.gov.br/uploads/ckfinder/images/Diversas/RS_Sao_Miguel_das_Missoes/03_ruinas_da_igreja_de_sao_miguel__sao_miguel_das_missoes_rs_foto_acervo_iphan.jpg||http://portal.iphan.gov.br/uploads/ckfinder/images/Diversas/RS_Sao_Miguel_das_Missoes/04_cruz_missioneira_e_ruinas_da_igreja_de_sao_miguel__foto_acervo_iphan.jpg||http://portal.iphan.gov.br/uploads/ckfinder/images/Diversas/RS_Sao_Miguel_das_Missoes/04_ruinas_da_igreja_de_sao_miguel_leonid_streliaev.jpg||http://portal.iphan.gov.br/uploads/ckfinder/images/Diversas/RS_Sao_Miguel_das_Missoes/05_ruinas_da_igreja_de_sao_miguel__sao_miguel_das_missoes_rs_foto_acervo_iphan.jpg||http://portal.iphan.gov.br/uploads/ckfinder/images/Diversas/RS_Sao_Miguel_das_Missoes/06_ruinas_da_igreja_de_sao_miguel_sao_miguel_das_missoes_rs_foto_acervo_iphan_eduardo_tavares.jpg||http://portal.iphan.gov.br/uploads/ckfinder/images/Diversas/RS_Sao_Miguel_das_Missoes/07_ruinas_da_igreja_de_sao_miguel__sao_miguel_das_missoes_rs_foto_acervo_iphan_reflexo_c.jpg||http://portal.iphan.gov.br/uploads/ckfinder/images/Diversas/RS_Sao_Miguel_das_Missoes/08_ruinas_da_igreja_de_sao_miguel__sao_miguel_das_missoes_rs_foto_acervo_iphan.jpg||http://portal.iphan.gov.br/uploads/ckfinder/images/Diversas/RS_Sao_Miguel_das_Missoes/09_ruinas_da_igreja_de_sao_miguel__sao_miguel_das_missoes_rs_foto_acervo_iphan(2).jpg||http://portal.iphan.gov.br/uploads/ckfinder/images/Diversas/RS_Sao_Miguel_das_Missoes/010_ruinas_da_igreja_de_sao_miguel__reflexo_c._goldgrub.jpg||http://portal.iphan.gov.br/uploads/ckfinder/images/Diversas/RS_Sao_Miguel_das_Missoes/011_ruinas_da_igreja_de_sao_miguel__eduardo_tavares.jpg||http://portal.iphan.gov.br/uploads/ckfinder/images/Diversas/RS_Sao_Miguel_das_Missoes/012_ruinas_da_igreja_de_sao_miguel__leonid_streliaev.jpg||http://portal.iphan.gov.br/uploads/ckfinder/images/Diversas/RS_Sao_Miguel_das_Missoes/013_cruz_missioneira_e_ruinas_da_igreja_de_sao_miguel__acervo_iphan.jpg||http://portal.iphan.gov.br/uploads/ckfinder/images/Diversas/RS_Sao_Miguel_das_Missoes/014_ruinas_da_igreja_de_sao_miguel__reflexo_c._goldgrub.jpg||http://portal.iphan.gov.br/uploads/ckfinder/images/Diversas/RS_Sao_Miguel_das_Missoes/015_ruinas_da_igreja_de_sao_miguel___reflexo__c._goldgrub.jpg||http://portal.iphan.gov.br/uploads/ckfinder/images/Diversas/RS_Sao_Miguel_das_Missoes/016_ruinas_da_igreja_de_sao_miguel__reflexo__c._goldgrub.jpg||http://portal.iphan.gov.br/uploads/ckfinder/images/Diversas/RS_Sao_Miguel_das_Missoes/017_ruinas_da_igreja_de_sao_miguel__reflexo__c._goldgrub.jpg||http://portal.iphan.gov.br/uploads/ckfinder/images/Diversas/RS_Sao_Miguel_das_Missoes/018_ruinas_da_igreja_de_sao_miguel__acervo_iphan.jpg||http://portal.iphan.gov.br/uploads/ckfinder/images/Diversas/RS_Sao_Miguel_das_Missoes/019_ruinas_da_igreja_de_sao_miguel__leonid_streliaev.jpg||http://portal.iphan.gov.br/uploads/ckfinder/images/Diversas/RS_Sao_Miguel_das_Missoes/020_ruinas_da_igreja_de_sao_miguel__leonid_streliaev.jpg||http://portal.iphan.gov.br/uploads/ckfinder/images/Diversas/RS_Sao_Miguel_das_Missoes/021_ruinas_da_igreja_de_sao_miguel__leonid_streliaev.jpg||http://portal.iphan.gov.br/uploads/ckfinder/images/Diversas/RS_Sao_Miguel_das_Missoes/022_ruinas_da_igreja_de_sao_miguel__reflexo__c._goldgrub.jpg||http://portal.iphan.gov.br/uploads/ckfinder/images/Diversas/RS_Sao_Miguel_das_Missoes/023_ruinas_da_igreja_de_sao_miguel__everton_balardin.jpg||http://portal.iphan.gov.br/uploads/ckfinder/images/Diversas/RS_Sao_Miguel_das_Missoes/024_museu_das_missoes__acervo_iphanemi.jpg||http://portal.iphan.gov.br/uploads/ckfinder/images/Diversas/RS_Sao_Miguel_das_Missoes/025_museu_das_missoes__vladimir_stello.jpg||http://portal.iphan.gov.br/uploads/ckfinder/images/Diversas/RS_Sao_Luiz_Gonzaga/025_ruinas_da_igreja_de_sao_lourenco_sao_luiz_gonzaga_rs_miguel_oliveira.jpg||http://portal.iphan.gov.br/uploads/ckfinder/images/Diversas/RS_Sao_Luiz_Gonzaga/026_ruinas_da_igreja_de_sao_lourenco__sao_luiz_gonzaga_rs_acervo_iphan.jpg||http://portal.iphan.gov.br/uploads/ckfinder/images/Diversas/RS_Sao_Luiz_Gonzaga/027_ruinas_da_igreja_de_sao_batista__sao_luiz_gonzaga_rs_vladimir_stello.jpg||http://portal.iphan.gov.br/uploads/ckfinder/images/Diversas/RS_Santo_Angelo/028_ruinas_da_igreja_de_sao_joao_batista__santo_angelo_eduardo_tavares.jpg||http://portal.iphan.gov.br/uploads/ckfinder/images/Diversas/RS_Sao_Luiz_Gonzaga/029_ruinas_da_igreja_de_sao_lourenco_sao_luiz_gonzaga_rs_acervo_iphan.jpg||http://portal.iphan.gov.br/uploads/ckfinder/images/Diversas/RS_Sao_Miguel_das_Missoes/030_ruinas_da_igreja_de_sao_miguel__vladimir_stelloi.jpg||http://portal.iphan.gov.br/uploads/ckfinder/images/Diversas/RS_Sao_Miguel_das_Missoes/031_ruinas_da_igreja_de_sao_miguel__reflexo_c.jpg||http://portal.iphan.gov.br/uploads/ckfinder/images/Diversas/RS_Sao_Miguel_das_Missoes/032_ruinas_da_igreja_de_sao_miguel__reflexo_c.jpg||http://portal.iphan.gov.br/uploads/ckfinder/images/Diversas/RS_Sao_Miguel_das_Missoes/033_ruinas_da_igreja_de_sao_miguel__reflexo_c.jpg||http://portal.iphan.gov.br/uploads/ckfinder/images/Diversas/RS_Sao_Miguel_das_Missoes/034_torre_da_igreja_de_sao_miguel__everton_balardin.jpg||http://portal.iphan.gov.br/pagina/detalhes/665/,"A pesquisa arqueológica é uma tradição no Rio Grande do Sul, o que garantiu ao Estado a posição de liderança no registro dos sítios. São 3.263 sítios cadastrados no Iphan e merece destaque, também, a atuação do Instituto Anchieta de Pesquisas da Universidade do Vale do Rio dos Sinos (Unisinos) que, há mais de 50 anos, realiza pesquisas teóricas e escavações. Diversas outras universidades atuam na área e oferecem cursos de graduação e pós-graduação."
24,Patrimônio Arqueológico - SC,Santa Catarina||http://portal.iphan.gov.br/uploads/ckfinder/images/Diversas/SC_Florianopolis/ilha_do_campeche.jpg||http://portal.iphan.gov.br/uploads/ckfinder/images/Destaques-da-Home/Banners_Destaques/img_5228.jpg||http://portal.iphan.gov.br/uploads/ckfinder/images/Diversas/SC_Sao_Franc_Sul/img_5225.jpg||http://portal.iphan.gov.br/uploads/ckfinder/images/Banners/subsite_iphan_santacatarina/img_5110.jpg||http://portal.iphan.gov.br/uploads/ckfinder/images/Diversas/SC_Eventos/visita_alunos_escola_dilma.png||http://portal.iphan.gov.br/uploads/ckfinder/images/Diversas/SC_Sao_Franc_Sul/palestra_alunos_escola_dilma.png||http://portal.iphan.gov.br/pagina/detalhes/670/,"A Superintendência do Iphan em Santa Catarina cadastrou, até 2014, 1471 sítios arqueológicos no Estado, onde estão os maiores sítios do tipo sambaqui do mundo. É possivel encontrá-los em toda a região costeira, mas as regiões de Laguna e Jaguaruna destacam-se com as maiores formações conhecidas no Estado. O sítio de Garopaba do Sul, em Jaguaruna, é um dos mais extensos, reunindo sambaquis, sítios líticos e cerâmicos. Outra área de grande importância arqueológica éa Ilha do Campeche - tombada pelo Iphan em 1998- pertence ao município de Florianópolis e abriga algumas das mais importantes incrições rupestres do Brasil."
